word,count,
ace,3,
ant,3,
arm,3,
ash,3,
axe,3,
bad,3,
bag,3,
bar,3,
bat,3,
bed,3,
bee,3,
BMW,3,
BMX,3,
bow,3,
box,3,
boy,3,
bus,3,
can,3,
cap,3,
cat,3,
cow,3,
cup,3,
cut,3,
day,3,
dew,3,
die,3,
dig,3,
DNA,3,
dog,3,
ear,3,
eat,3,
eel,3,
egg,3,
emu,3,
end,3,
eye,3,
flu,3,
fly,3,
fog,3,
fox,3,
fur,3,
gas,3,
gem,3,
God,3,
Gru,3,
ham,3,
hat,3,
hen,3,
hop,3,
hot,3,
hug,3,
hut,3,
ice,3,
ivy,3,
jaw,3,
keg,3,
key,3,
KFC,3,
lap,3,
lid,3,
log,3,
low,3,
map,3,
mop,3,
MTV,3,
mud,3,
mug,3,
nun,3,
nut,3,
oar,3,
oil,3,
old,3,
owl,3,
pan,3,
paw,3,
pie,3,
pig,3,
pin,3,
pot,3,
pro,3,
pub,3,
ram,3,
rat,3,
red,3,
rib,3,
rug,3,
run,3,
sad,3,
sea,3,
sew,3,
shy,3,
sit,3,
ski,3,
sky,3,
son,3,
spy,3,
sun,3,
tea,3,
tie,3,
tip,3,
toe,3,
toy,3,
tug,3,
UFO,3,
USB,3,
wax,3,
web,3,
wig,3,
zoo,3,
ABBA,4,
acid,4,
acne,4,
afro,4,
arch,4,
Asia,4,
atom,4,
Audi,4,
baby,4,
bait,4,
bald,4,
ball,4,
bank,4,
bark,4,
barn,4,
base,4,
beak,4,
bean,4,
bear,4,
beef,4,
beer,4,
beet,4,
bell,4,
belt,4,
bill,4,
bird,4,
bite,4,
blue,4,
boar,4,
boat,4,
boil,4,
bomb,4,
book,4,
bowl,4,
bull,4,
burp,4,
cage,4,
cake,4,
cape,4,
cash,4,
cast,4,
cave,4,
cell,4,
chef,4,
chew,4,
chin,4,
clap,4,
claw,4,
clay,4,
coal,4,
coat,4,
coin,4,
cola,4,
cold,4,
comb,4,
cone,4,
copy,4,
cord,4,
cork,4,
corn,4,
crab,4,
crow,4,
Cuba,4,
cube,4,
cute,4,
dead,4,
deaf,4,
deep,4,
deer,4,
dent,4,
derp,4,
desk,4,
dice,4,
diet,4,
diva,4,
dock,4,
doll,4,
dome,4,
door,4,
Dora,4,
dots,4,
drip,4,
drum,4,
duck,4,
duel,4,
east,4,
echo,4,
Elmo,4,
Elsa,4,
exam,4,
face,4,
fall,4,
farm,4,
fast,4,
fern,4,
Finn,4,
fish,4,
fizz,4,
flag,4,
flea,4,
foil,4,
food,4,
fork,4,
fort,4,
frog,4,
full,4,
gang,4,
gasp,4,
gate,4,
germ,4,
gift,4,
girl,4,
glow,4,
glue,4,
goal,4,
goat,4,
gold,4,
golf,4,
good,4,
grid,4,
grin,4,
hair,4,
half,4,
halo,4,
hand,4,
hard,4,
harp,4,
head,4,
heat,4,
heel,4,
hell,4,
hero,4,
hill,4,
hive,4,
hoof,4,
hook,4,
horn,4,
hose,4,
Hulk,4,
hurt,4,
idea,4,
Ikea,4,
iPad,4,
iron,4,
jail,4,
JayZ,4,
jazz,4,
jeep,4,
king,4,
kiss,4,
kite,4,
kiwi,4,
knee,4,
knot,4,
lady,4,
lake,4,
lamb,4,
lamp,4,
lane,4,
lava,4,
leaf,4,
leak,4,
Lego,4,
legs,4,
lens,4,
lily,4,
lime,4,
line,4,
link,4,
lion,4,
lips,4,
loaf,4,
lock,4,
logo,4,
loot,4,
love,4,
luck,4,
lung,4,
lynx,4,
maid,4,
mall,4,
Mars,4,
mask,4,
maze,4,
meal,4,
meat,4,
melt,4,
meme,4,
milk,4,
mime,4,
mint,4,
mold,4,
mole,4,
monk,4,
moon,4,
moss,4,
moth,4,
nail,4,
Nasa,4,
navy,4,
neck,4,
Nemo,4,
nerd,4,
nest,4,
Nike,4,
noob,4,
nose,4,
nuke,4,
Olaf,4,
open,4,
orca,4,
Oreo,4,
oval,4,
page,4,
pain,4,
palm,4,
park,4,
path,4,
pear,4,
peas,4,
pike,4,
pill,4,
pine,4,
pink,4,
pipe,4,
plow,4,
plug,4,
poke,4,
polo,4,
pond,4,
pony,4,
poop,4,
poor,4,
pope,4,
pray,4,
puma,4,
punk,4,
race,4,
raft,4,
rail,4,
rain,4,
rake,4,
ramp,4,
read,4,
rest,4,
rice,4,
Rick,4,
ring,4,
risk,4,
rock,4,
roll,4,
Rome,4,
roof,4,
room,4,
root,4,
rose,4,
ruby,4,
rune,4,
safe,4,
sale,4,
salt,4,
sand,4,
scar,4,
seal,4,
seed,4,
shoe,4,
shop,4,
sick,4,
silo,4,
sing,4,
sink,4,
skin,4,
slam,4,
slow,4,
snow,4,
soap,4,
soda,4,
soil,4,
soup,4,
spin,4,
spit,4,
stab,4,
star,4,
step,4,
swag,4,
swan,4,
taco,4,
tail,4,
tank,4,
tape,4,
taxi,4,
tear,4,
tent,4,
text,4,
thin,4,
Thor,4,
thug,4,
tiny,4,
tire,4,
toad,4,
tomb,4,
trap,4,
tree,4,
tuba,4,
tuna,4,
turd,4,
twig,4,
type,4,
undo,4,
vein,4,
vent,4,
vine,4,
vise,4,
vote,4,
walk,4,
wall,4,
warm,4,
wart,4,
wasp,4,
wave,4,
weak,4,
well,4,
west,4,
wife,4,
wind,4,
wine,4,
wing,4,
wire,4,
wolf,4,
wool,4,
work,4,
worm,4,
Xbox,4,
yawn,4,
yeti,4,
Yoda,4,
yolk,4,
Zeus,4,
zoom,4,
Zuma,4,
reed,4,
abyss,5,
AC/DC,5,
acorn,5,
actor,5,
adult,5,
alarm,5,
alien,5,
alley,5,
angel,5,
angry,5,
anime,5,
anvil,5,
Apple,5,
armor,5,
arrow,5,
attic,5,
bacon,5,
bagel,5,
Bambi,5,
banjo,5,
beach,5,
belly,5,
below,5,
bench,5,
Bible,5,
bingo,5,
birch,5,
black,5,
blaze,5,
blimp,5,
blind,5,
blood,5,
blush,5,
board,5,
boots,5,
brain,5,
brand,5,
bread,5,
brick,5,
bride,5,
broom,5,
brush,5,
bulge,5,
bunny,5,
cabin,5,
camel,5,
cello,5,
chain,5,
chair,5,
chalk,5,
cheek,5,
chess,5,
chest,5,
child,5,
chime,5,
China,5,
clean,5,
cliff,5,
climb,5,
cloak,5,
clock,5,
cloth,5,
cloud,5,
clown,5,
coach,5,
coast,5,
cobra,5,
comet,5,
coral,5,
crack,5,
crate,5,
cream,5,
crust,5,
Cupid,5,
curry,5,
daisy,5,
dance,5,
darts,5,
demon,5,
dirty,5,
dizzy,5,
dough,5,
drain,5,
drama,5,
dream,5,
dress,5,
drink,5,
drive,5,
drool,5,
Dumbo,5,
dwarf,5,
eagle,5,
Earth,5,
Egypt,5,
elbow,5,
elder,5,
emoji,5,
error,5,
fairy,5,
Fanta,5,
fence,5,
field,5,
Flash,5,
flask,5,
flock,5,
fluid,5,
flush,5,
flute,5,
frame,5,
fries,5,
frown,5,
fruit,5,
funny,5,
genie,5,
ghost,5,
giant,5,
glass,5,
globe,5,
gloss,5,
glove,5,
gnome,5,
Goofy,5,
goose,5,
graph,5,
grass,5,
grave,5,
greed,5,
grill,5,
groom,5,
gummy,5,
hairy,5,
happy,5,
heart,5,
heist,5,
hijab,5,
hippo,5,
honey,5,
horse,5,
hotel,5,
house,5,
hyena,5,
India,5,
Intel,5,
Italy,5,
Japan,5,
jeans,5,
jello,5,
jelly,5,
Jenga,5,
joker,5,
judge,5,
juice,5,
kazoo,5,
kebab,5,
Kirby,5,
kneel,5,
knife,5,
koala,5,
label,5,
laser,5,
lasso,5,
leash,5,
leave,5,
leech,5,
lemon,5,
lemur,5,
limbo,5,
llama,5,
loser,5,
Luigi,5,
macho,5,
mafia,5,
magic,5,
magma,5,
Mario,5,
match,5,
mayor,5,
melon,5,
messy,5,
metal,5,
miner,5,
model,5,
money,5,
moose,5,
Morty,5,
mouse,5,
mouth,5,
movie,5,
Mummy,5,
night,5,
ninja,5,
north,5,
Notch,5,
novel,5,
nurse,5,
ocean,5,
onion,5,
opera,5,
orbit,5,
organ,5,
otter,5,
paint,5,
panda,5,
pants,5,
paper,5,
Paris,5,
party,5,
pasta,5,
patio,5,
pause,5,
peace,5,
peach,5,
pedal,5,
penny,5,
Pepsi,5,
petal,5,
piano,5,
pilot,5,
pinky,5,
pizza,5,
plank,5,
plate,5,
Pluto,5,
point,5,
poppy,5,
porch,5,
pound,5,
prawn,5,
prism,5,
prune,5,
Pumba,5,
purse,5,
queen,5,
queue,5,
quill,5,
quilt,5,
radar,5,
radio,5,
razor,5,
reeds,5,
river,5,
robin,5,
robot,5,
royal,5,
ruler,5,
salad,5,
Santa,5,
sauce,5,
sauna,5,
scarf,5,
scary,5,
scent,5,
scoop,5,
score,5,
screw,5,
scuba,5,
shake,5,
shape,5,
shark,5,
sheep,5,
shelf,5,
shell,5,
shirt,5,
shock,5,
short,5,
shout,5,
Shrek,5,
shrew,5,
shrub,5,
skull,5,
skunk,5,
Skype,5,
sleep,5,
slide,5,
slime,5,
slope,5,
sloth,5,
slump,5,
smell,5,
smile,5,
smoke,5,
snail,5,
snake,5,
socks,5,
Sonic,5,
sound,5,
south,5,
space,5,
spade,5,
Spain,5,
spark,5,
spear,5,
spine,5,
spool,5,
spoon,5,
spore,5,
squid,5,
stage,5,
stamp,5,
stand,5,
Steam,5,
sting,5,
stone,5,
stork,5,
storm,5,
stove,5,
straw,5,
study,5,
sugar,5,
sushi,5,
swamp,5,
swarm,5,
sweat,5,
swing,5,
sword,5,
table,5,
Tails,5,
taser,5,
thief,5,
think,5,
thumb,5,
tiger,5,
tired,5,
toast,5,
tooth,5,
torch,5,
totem,5,
touch,5,
towel,5,
tower,5,
train,5,
trend,5,
T-rex,5,
truck,5,
tumor,5,
udder,5,
uncle,5,
vault,5,
Venus,5,
video,5,
viola,5,
virus,5,
vodka,5,
vomit,5,
waist,5,
watch,5,
water,5,
whale,5,
wheel,5,
whisk,5,
white,5,
witch,5,
W-LAN,5,
world,5,
wound,5,
wrist,5,
Xerox,5,
x-ray,5,
yacht,5,
Yoshi,5,
young,5,
yo-yo,5,
zebra,5,
Zelda,5,
Zorro,5,
action,6,
Adidas,6,
Africa,6,
airbag,6,
almond,6,
alpaca,6,
anchor,6,
Anubis,6,
archer,6,
armpit,6,
baboon,6,
badger,6,
bakery,6,
ballet,6,
bamboo,6,
banana,6,
banker,6,
barber,6,
barrel,6,
basket,6,
Batman,6,
battle,6,
beanie,6,
beaver,6,
beetle,6,
bellow,6,
betray,6,
bleach,6,
booger,6,
border,6,
bottle,6,
bounce,6,
braces,6,
branch,6,
Brazil,6,
breath,6,
bridge,6,
bronze,6,
bruise,6,
bubble,6,
bucket,6,
bullet,6,
bumper,6,
butler,6,
butter,6,
button,6,
cactus,6,
camera,6,
Canada,6,
canary,6,
candle,6,
cannon,6,
canyon,6,
carpet,6,
carrot,6,
casino,6,
caviar,6,
cement,6,
cheeks,6,
cheese,6,
cherry,6,
Chrome,6,
church,6,
cicada,6,
cinema,6,
circle,6,
circus,6,
clover,6,
cocoon,6,
coffee,6,
coffin,6,
collar,6,
comedy,6,
cookie,6,
copper,6,
corner,6,
corpse,6,
cotton,6,
cousin,6,
cowboy,6,
coyote,6,
crayon,6,
credit,6,
cringe,6,
cruise,6,
cuckoo,6,
cyborg,6,
cymbal,6,
dagger,6,
Darwin,6,
desert,6,
Dexter,6,
diaper,6,
dinner,6,
doctor,6,
dollar,6,
donkey,6,
double,6,
dragon,6,
drawer,6,
driver,6,
earwax,6,
Easter,6,
embers,6,
Eminem,6,
engine,6,
eraser,6,
eskimo,6,
Europe,6,
fabric,6,
facade,6,
family,6,
farmer,6,
father,6,
faucet,6,
filter,6,
finger,6,
flower,6,
folder,6,
forest,6,
fossil,6,
France,6,
fridge,6,
galaxy,6,
Gandhi,6,
garage,6,
garden,6,
garlic,6,
gender,6,
gentle,6,
geyser,6,
goatee,6,
goblin,6,
Google,6,
grapes,6,
gravel,6,
Greece,6,
Grinch,6,
grumpy,6,
guitar,6,
hacker,6,
hammer,6,
handle,6,
hanger,6,
harbor,6,
Hawaii,6,
hazard,6,
health,6,
helmet,6,
hermit,6,
hippie,6,
hobbit,6,
hockey,6,
hunger,6,
hunter,6,
hurdle,6,
icicle,6,
impact,6,
insect,6,
inside,6,
iPhone,6,
island,6,
Israel,6,
jacket,6,
jaguar,6,
jester,6,
juggle,6,
jungle,6,
karate,6,
katana,6,
Kermit,6,
kettle,6,
kidney,6,
kitten,6,
knight,6,
kraken,6,
ladder,6,
laptop,6,
lawyer,6,
leader,6,
lizard,6,
London,6,
lotion,6,
lounge,6,
lyrics,6,
magnet,6,
makeup,6,
mantis,6,
marble,6,
market,6,
marmot,6,
mascot,6,
Medusa,6,
Mexico,6,
Minion,6,
minute,6,
mirror,6,
mohawk,6,
Monday,6,
monkey,6,
mother,6,
Mozart,6,
muffin,6,
muscle,6,
museum,6,
musket,6,
nachos,6,
napkin,6,
NASCAR,6,
nature,6,
needle,6,
nickel,6,
noodle,6,
Norway,6,
nugget,6,
nutmeg,6,
Obelix,6,
office,6,
omelet,6,
orange,6,
orchid,6,
oxygen,6,
oyster,6,
paddle,6,
palace,6,
papaya,6,
parade,6,
parrot,6,
pastry,6,
Paypal,6,
peanut,6,
pencil,6,
pepper,6,
person,6,
pickle,6,
picnic,6,
pigeon,6,
pigsty,6,
pillar,6,
pillow,6,
pimple,6,
pirate,6,
pistol,6,
plague,6,
planet,6,
player,6,
pocket,6,
poison,6,
poodle,6,
Popeye,6,
portal,6,
poster,6,
potato,6,
potion,6,
powder,6,
preach,6,
priest,6,
prince,6,
prison,6,
puddle,6,
puffin,6,
puppet,6,
purity,6,
puzzle,6,
quokka,6,
radish,6,
raisin,6,
rapper,6,
record,6,
Reddit,6,
remote,6,
repeat,6,
retail,6,
rewind,6,
ribbon,6,
robber,6,
rocket,6,
rubber,6,
Russia,6,
saddle,6,
safari,6,
saliva,6,
salmon,6,
Saturn,6,
school,6,
scream,6,
screen,6,
scythe,6,
search,6,
season,6,
second,6,
seesaw,6,
Segway,6,
sensei,6,
server,6,
shadow,6,
shovel,6,
shower,6,
silver,6,
skates,6,
skinny,6,
sledge,6,
sleeve,6,
Slinky,6,
sneeze,6,
sniper,6,
soccer,6,
socket,6,
sphinx,6,
spider,6,
spiral,6,
sponge,6,
sports,6,
spring,6,
square,6,
statue,6,
stereo,6,
stoned,6,
street,6,
stress,6,
strong,6,
studio,6,
stylus,6,
subway,6,
Sudoku,6,
summer,6,
switch,6,
tablet,6,
tailor,6,
tampon,6,
target,6,
Tarzan,6,
tattoo,6,
teapot,6,
tennis,6,
Tetris,6,
thirst,6,
throat,6,
throne,6,
ticket,6,
tickle,6,
tissue,6,
toilet,6,
tomato,6,
tongue,6,
toucan,6,
tripod,6,
trophy,6,
tunnel,6,
turkey,6,
turnip,6,
turtle,6,
tuxedo,6,
Tweety,6,
Uranus,6,
vacuum,6,
valley,6,
vanish,6,
victim,6,
violin,6,
vision,6,
volume,6,
voodoo,6,
vortex,6,
waffle,6,
waiter,6,
Wall-e,6,
walnut,6,
walrus,6,
wealth,6,
weapon,6,
weasel,6,
welder,6,
wiggle,6,
willow,6,
window,6,
winner,6,
winter,6,
wizard,6,
wreath,6,
wrench,6,
writer,6,
yellow,6,
yogurt,6,
zigzag,6,
zipper,6,
zombie,6,
Addida,6,
airport,7,
Aladdin,7,
alcohol,7,
allergy,7,
America,7,
Android,7,
antenna,7,
anthill,7,
apricot,7,
assault,7,
Asterix,7,
athlete,7,
avocado,7,
baklava,7,
balance,7,
balcony,7,
balloon,7,
bandage,7,
bandana,7,
barcode,7,
bathtub,7,
battery,7,
bayonet,7,
bazooka,7,
beatbox,7,
bed bug,7,
bedtime,7,
bicycle,7,
Big Ben,7,
biology,7,
biscuit,7,
Bitcoin,7,
blanket,7,
blender,7,
bobsled,7,
bouncer,7,
bowling,7,
brownie,7,
burglar,7,
burrito,7,
butcher,7,
cabinet,7,
camping,7,
captain,7,
cartoon,7,
catalog,7,
catfish,7,
caveman,7,
ceiling,7,
centaur,7,
charger,7,
cheetah,7,
chicken,7,
chimney,7,
coaster,7,
coconut,7,
compass,7,
concert,7,
console,7,
country,7,
cowbell,7,
Creeper,7,
cricket,7,
Croatia,7,
crowbar,7,
crystal,7,
cupcake,7,
curtain,7,
cushion,7,
defense,7,
dentist,7,
dessert,7,
diagram,7,
diamond,7,
diploma,7,
Discord,7,
disease,7,
dishrag,7,
display,7,
divorce,7,
dolphin,7,
Doritos,7,
Dracula,7,
droplet,7,
drought,7,
earbuds,7,
eclipse,7,
emerald,7,
England,7,
equator,7,
evening,7,
eyebrow,7,
eyelash,7,
factory,7,
failure,7,
feather,7,
fencing,7,
Ferrari,7,
firefly,7,
fireman,7,
Florida,7,
florist,7,
fortune,7,
freezer,7,
funeral,7,
Gandalf,7,
garbage,7,
Germany,7,
giraffe,7,
glasses,7,
glitter,7,
gorilla,7,
gravity,7,
grenade,7,
Gumball,7,
haircut,7,
hammock,7,
hamster,7,
harpoon,7,
hashtag,7,
heading,7,
hexagon,7,
highway,7,
hip hop,7,
holiday,7,
horizon,7,
hot dog,7,
husband,7,
iceberg,7,
Ireland,7,
janitor,7,
jet ski,7,
journey,7,
karaoke,7,
kendama,7,
ketchup,7,
kitchen,7,
knuckle,7,
Kung Fu,7,
ladybug,7,
lantern,7,
Lasagna,7,
laundry,7,
leather,7,
lettuce,7,
library,7,
lighter,7,
lilypad,7,
loading,7,
lobster,7,
lottery,7,
luggage,7,
machine,7,
mailbox,7,
mailman,7,
mammoth,7,
manatee,7,
manhole,7,
mansion,7,
maracas,7,
massage,7,
meerkat,7,
Mercury,7,
mermaid,7,
message,7,
milkman,7,
minivan,7,
missile,7,
monster,7,
morning,7,
Mr Bean,7,
mustard,7,
narwhal,7,
Neptune,7,
network,7,
notepad,7,
nothing,7,
Nutella,7,
octagon,7,
octopus,7,
origami,7,
ostrich,7,
outside,7,
Pac-Man,7,
pajamas,7,
palette,7,
pancake,7,
panther,7,
parents,7,
parking,7,
patient,7,
Patrick,7,
patriot,7,
peacock,7,
peasant,7,
pelican,7,
penguin,7,
perfume,7,
Picasso,7,
pickaxe,7,
Pikachu,7,
pinball,7,
plumber,7,
plunger,7,
Pokemon,7,
popcorn,7,
popular,7,
present,7,
pretzel,7,
printer,7,
protest,7,
provoke,7,
pudding,7,
pumpkin,7,
pyramid,7,
quarter,7,
raccoon,7,
racecar,7,
rainbow,7,
ravioli,7,
reality,7,
referee,7,
reptile,7,
Romania,7,
rooster,7,
Samsung,7,
sandbox,7,
sausage,7,
science,7,
seafood,7,
seagull,7,
seasick,7,
seaweed,7,
shallow,7,
shampoo,7,
shoebox,7,
shotgun,7,
silence,7,
skyline,7,
snowman,7,
soldier,7,
spatula,7,
speaker,7,
spinach,7,
spoiler,7,
stadium,7,
stapler,7,
stomach,7,
student,7,
sunburn,7,
sunrise,7,
surface,7,
surgeon,7,
sweater,7,
tadpole,7,
teacher,7,
thunder,7,
timpani,7,
Titanic,7,
toaster,7,
toenail,7,
toolbox,7,
top hat,7,
tornado,7,
torpedo,7,
tourist,7,
tractor,7,
traffic,7,
trailer,7,
trigger,7,
trumpet,7,
Twitter,7,
Ukraine,7,
ukulele,7,
unibrow,7,
unicorn,7,
uniform,7,
upgrade,7,
vaccine,7,
vampire,7,
vanilla,7,
Vatican,7,
victory,7,
village,7,
villain,7,
vinegar,7,
vitamin,7,
vlogger,7,
volcano,7,
vulture,7,
wake up,7,
weather,7,
website,7,
wedding,7,
western,7,
whisper,7,
whistle,7,
wingnut,7,
witness,7,
wrinkle,7,
Youtube,7,
zipline,7,
abstract,8,
accident,8,
addition,8,
adorable,8,
aircraft,8,
airplane,8,
anaconda,8,
anteater,8,
antelope,8,
applause,8,
aquarium,8,
assassin,8,
asteroid,8,
Atlantis,8,
audience,8,
backbone,8,
backflip,8,
backpack,8,
bagpipes,8,
baguette,8,
Band-Aid,8,
barbecue,8,
basement,8,
bathroom,8,
bean bag,8,
birthday,8,
blizzard,8,
blowfish,8,
bookmark,8,
bracelet,8,
broccoli,8,
brunette,8,
building,8,
bunk bed,8,
bus stop,8,
calendar,8,
campfire,8,
canister,8,
car wash,8,
carnival,8,
catapult,8,
cauldron,8,
Cerberus,8,
chainsaw,8,
champion,8,
chemical,8,
chestnut,8,
clarinet,8,
cocktail,8,
collapse,8,
comedian,8,
complete,8,
computer,8,
confused,8,
corn dog,8,
crossbow,8,
crucible,8,
cucumber,8,
cupboard,8,
customer,8,
cylinder,8,
dandruff,8,
daughter,8,
Deadpool,8,
delivery,8,
detonate,8,
diagonal,8,
dinosaur,8,
disaster,8,
distance,8,
doghouse,8,
dominoes,8,
doorknob,8,
download,8,
drum kit,8,
dynamite,8,
eggplant,8,
Einstein,8,
election,8,
elephant,8,
elevator,8,
employer,8,
engineer,8,
espresso,8,
exercise,8,
fabulous,8,
Facebook,8,
festival,8,
figurine,8,
fireball,8,
fireside,8,
firework,8,
flagpole,8,
flamingo,8,
forehead,8,
fortress,8,
fountain,8,
freckles,8,
frosting,8,
gangster,8,
gardener,8,
Garfield,8,
gas mask,8,
gasoline,8,
goldfish,8,
graffiti,8,
handicap,8,
hard hat,8,
hay bale,8,
hazelnut,8,
headache,8,
headband,8,
hedgehog,8,
Hercules,8,
homeless,8,
hospital,8,
industry,8,
infinite,8,
insomnia,8,
internet,8,
invasion,8,
Iron Man,8,
jalapeno,8,
kangaroo,8,
keyboard,8,
landlord,8,
language,8,
lemonade,8,
levitate,8,
licorice,8,
lipstick,8,
lollipop,8,
macaroni,8,
magazine,8,
magician,8,
manicure,8,
marathon,8,
marigold,8,
matchbox,8,
mattress,8,
meatball,8,
meatloaf,8,
mechanic,8,
Mercedes,8,
midnight,8,
military,8,
Miniclip,8,
minigolf,8,
minority,8,
Minotaur,8,
mosquito,8,
mothball,8,
mountain,8,
Mr. Bean,8,
murderer,8,
mushroom,8,
mustache,8,
neighbor,8,
nostrils,8,
notebook,8,
nutshell,8,
panpipes,8,
parakeet,8,
password,8,
pavement,8,
pendulum,8,
pet food,8,
pet shop,8,
pinwheel,8,
platypus,8,
ponytail,8,
Popsicle,8,
portrait,8,
Portugal,8,
Poseidon,8,
positive,8,
postcard,8,
pregnant,8,
princess,8,
Pringles,8,
raincoat,8,
raindrop,8,
reindeer,8,
religion,8,
revolver,8,
ringtone,8,
rockstar,8,
sailboat,8,
sandwich,8,
scissors,8,
Scotland,8,
scribble,8,
sea lion,8,
seahorse,8,
seashell,8,
security,8,
shoelace,8,
shopping,8,
shoulder,8,
six pack,8,
skeleton,8,
ski jump,8,
Skittles,8,
Skrillex,8,
slippery,8,
snowball,8,
sombrero,8,
sparkles,8,
squirrel,8,
starfish,8,
stingray,8,
streamer,8,
suitcase,8,
sunshade,8,
Superman,8,
survivor,8,
swimsuit,8,
symphony,8,
tabletop,8,
take off,8,
teaspoon,8,
tentacle,8,
tiramisu,8,
tortoise,8,
trapdoor,8,
traveler,8,
treasure,8,
triangle,8,
tricycle,8,
triplets,8,
trombone,8,
tropical,8,
umbrella,8,
unicycle,8,
universe,8,
vacation,8,
vertical,8,
violence,8,
vuvuzela,8,
werewolf,8,
WhatsApp,8,
windmill,8,
wireless,8,
wrapping,8,
wrestler,8,
yearbook,8,
youtuber,8,
zeppelin,8,
accordion,9,
addiction,9,
afterlife,9,
albatross,9,
alligator,9,
ambulance,9,
Amsterdam,9,
animation,9,
antivirus,9,
apartment,9,
apple pie,9,
architect,9,
Argentina,9,
armadillo,9,
astronaut,9,
asymmetry,9,
Australia,9,
autograph,9,
back pain,9,
ballerina,9,
barbarian,9,
bartender,9,
beanstalk,9,
bear trap,9,
bed sheet,9,
Beethoven,9,
billiards,9,
bird bath,9,
blindfold,9,
blueberry,9,
bodyguard,9,
Bomberman,9,
bookshelf,9,
boomerang,9,
brainwash,9,
breakfast,9,
broadcast,9,
Bruce Lee,9,
bulldozer,9,
butterfly,9,
Capricorn,9,
cardboard,9,
carnivore,9,
carpenter,9,
Cat Woman,9,
cathedral,9,
celebrate,9,
celebrity,9,
centipede,9,
chameleon,9,
champagne,9,
Chewbacca,9,
chihuahua,9,
Chinatown,9,
chocolate,9,
Christmas,9,
cigarette,9,
classroom,9,
clickbait,9,
clownfish,9,
cockroach,9,
Colosseum,9,
commander,9,
communism,9,
community,9,
condiment,9,
continent,9,
corkscrew,9,
cornfield,9,
crocodile,9,
croissant,9,
dalmatian,9,
dandelion,9,
dashboard,9,
deodorant,9,
depressed,9,
desperate,9,
detective,9,
dispenser,9,
dollhouse,9,
dragonfly,9,
duct tape,9,
Elon Musk,9,
evaporate,9,
evolution,9,
Excalibur,9,
excavator,9,
explosion,9,
eyeshadow,9,
fast food,9,
filmmaker,9,
fingertip,9,
firehouse,9,
fireplace,9,
fireproof,9,
fish bowl,9,
fisherman,9,
frostbite,9,
full moon,9,
furniture,9,
generator,9,
gentleman,9,
geography,9,
gladiator,9,
glowstick,9,
godfather,9,
golf cart,9,
graveyard,9,
hairbrush,9,
hairspray,9,
hamburger,9,
handshake,9,
harmonica,9,
headboard,9,
hibernate,9,
high five,9,
hilarious,9,
Hollywood,9,
honeycomb,9,
hopscotch,9,
horsewhip,9,
hot sauce,9,
hourglass,9,
Hula Hoop,9,
hypnotize,9,
ice cream,9,
incognito,9,
injection,9,
interview,9,
invention,9,
invisible,9,
jellyfish,9,
John Cena,9,
jump rope,9,
junk food,9,
King Kong,9,
Lady Gaga,9,
landscape,9,
Las Vegas,9,
lava lamp,9,
librarian,9,
lightbulb,9,
lightning,9,
limousine,9,
Lion King,9,
magnifier,9,
mannequin,9,
margarine,9,
marmalade,9,
McDonalds,9,
megaphone,9,
meteorite,9,
Microsoft,9,
microwave,9,
milkshake,9,
Milky Way,9,
Minecraft,9,
Mona Lisa,9,
motorbike,9,
mousetrap,9,
nail file,9,
newspaper,9,
nightclub,9,
nightmare,9,
nose hair,9,
nose ring,9,
nosebleed,9,
orangutan,9,
orchestra,9,
paintball,9,
palm tree,9,
paper bag,9,
parachute,9,
peninsula,9,
pensioner,9,
Peppa Pig,9,
pepperoni,9,
periscope,9,
Photoshop,9,
pine cone,9,
pineapple,9,
Pinocchio,9,
pistachio,9,
pitchfork,9,
poisonous,9,
policeman,9,
pollution,9,
porcupine,9,
Porky Pig,9,
president,9,
price tag,9,
professor,9,
promotion,9,
quicksand,9,
radiation,9,
raspberry,9,
reception,9,
rectangle,9,
recycling,9,
roadblock,9,
saltwater,9,
sandstorm,9,
satellite,9,
saxophone,9,
scarecrow,9,
scientist,9,
sculpture,9,
seat belt,9,
shipwreck,9,
signature,9,
Singapore,9,
skydiving,9,
slingshot,9,
snowboard,9,
snowflake,9,
spaceship,9,
spaghetti,9,
Spartacus,9,
spelunker,9,
Spiderman,9,
SpongeBob,9,
sprinkler,9,
Squidward,9,
Star Wars,9,
starfruit,9,
Stone Age,9,
stop sign,9,
submarine,9,
sunflower,9,
surfboard,9,
swordfish,9,
tangerine,9,
tarantula,9,
telephone,9,
telescope,9,
Teletubby,9,
tombstone,9,
toothpick,9,
tow truck,9,
translate,9,
trash can,9,
treadmill,9,
treehouse,9,
Vault boy,9,
vegetable,9,
wallpaper,9,
warehouse,9,
water gun,9,
waterfall,9,
Wolverine,9,
workplace,9,
wrestling,9,
xylophone,9,
yardstick,9,
shoulders,9,
anglerfish,10,
Antarctica,10,
apocalypse,10,
apple seed,10,
aristocrat,10,
basketball,10,
battleship,10,
Bill Gates,10,
binoculars,10,
black hole,10,
blackberry,10,
blacksmith,10,
bricklayer,10,
broomstick,10,
bubble gum,10,
Bugs Bunny,10,
bus driver,10,
cab driver,10,
can opener,10,
cappuccino,10,
cell phone,10,
chandelier,10,
cheesecake,10,
chest hair,10,
chestplate,10,
chimpanzee,10,
chinchilla,10,
chopsticks,10,
comic book,10,
commercial,10,
controller,10,
cookie jar,10,
coral reef,10,
Daffy Duck,10,
dictionary,10,
diss track,10,
earthquake,10,
face paint,10,
fake teeth,10,
Family Guy,10,
fingernail,10,
fire alarm,10,
fire truck,10,
fist fight,10,
flashlight,10,
floodlight,10,
flying pig,10,
glue stick,10,
gold chain,10,
golden egg,10,
graduation,10,
grapefruit,10,
Great Wall,10,
guillotine,10,
guinea pig,10,
gummy bear,10,
gummy worm,10,
Happy Meal,10,
headphones,10,
helicopter,10,
hieroglyph,10,
high heels,10,
high score,10,
hitchhiker,10,
Home Alone,10,
hovercraft,10,
Iron Giant,10,
jackhammer,10,
James Bond,10,
journalist,10,
Katy Perry,10,
laboratory,10,
lawn mower,10,
leprechaun,10,
lighthouse,10,
lightsaber,10,
litter box,10,
London Eye,10,
lumberjack,10,
Madagascar,10,
magic wand,10,
mayonnaise,10,
microphone,10,
microscope,10,
Mont Blanc,10,
Morse code,10,
motorcycle,10,
nutcracker,10,
overweight,10,
pharmacist,10,
photograph,10,
piggy bank,10,
playground,10,
pogo stick,10,
polar bear,10,
programmer,10,
punishment,10,
rainforest,10,
razorblade,10,
red carpet,10,
reflection,10,
restaurant,10,
rhinoceros,10,
Robin Hood,10,
Scooby Doo,10,
semicircle,10,
silverware,10,
skateboard,10,
skribbl.io,10,
skyscraper,10,
space suit,10,
Steve Jobs,10,
strawberry,10,
Suez Canal,10,
sunglasses,10,
superpower,10,
tablecloth,10,
teddy bear,10,
television,10,
Terminator,10,
tissue box,10,
toothbrush,10,
toothpaste,10,
trick shot,10,
Usain Bolt,10,
vegetarian,10,
video game,10,
Vin Diesel,10,
volleyball,10,
windshield,10,
wine glass,10,
wonderland,10,
woodpecker,10,
Angry Birds,11,
barbed wire,11,
bell pepper,11,
bottle flip,11,
butt cheeks,11,
caterpillar,11,
cauliflower,11,
ceiling fan,11,
cheerleader,11,
coast guard,11,
coffee shop,11,
color-blind,11,
comfortable,11,
crawl space,11,
credit card,11,
Donald Duck,11,
electrician,11,
electricity,11,
firecracker,11,
firefighter,11,
fishing rod,11,
floppy disk,11,
fly swatter,11,
forest fire,11,
grandmother,11,
grasshopper,11,
gravedigger,11,
hair roller,11,
Hello Kitty,11,
hummingbird,11,
imagination,11,
Jackie Chan,11,
Kim Jong-un,11,
magic trick,11,
marshmallow,11,
motherboard,11,
Mr Meeseeks,11,
nail polish,11,
Netherlands,11,
New Zealand,11,
North Korea,11,
observatory,11,
pencil case,11,
photo frame,11,
pirate ship,11,
Playstation,11,
sand castle,11,
spray paint,11,
Stegosaurus,11,
supermarket,11,
talent show,11,
taxi driver,11,
temperature,11,
The Beatles,11,
thermometer,11,
Tooth Fairy,11,
tuning fork,11,
underground,11,
underweight,11,
water cycle,11,
wheelbarrow,11,
Barack Obama,12,
Bart Simpson,12,
belly button,12,
Black Friday,12,
bowling alley,13,
broken heart,12,
cheeseburger,12,
Chuck Norris,12,
conversation,12,
cotton candy,12,
Donald Trump,12,
Easter Bunny,12,
Eiffel tower,12,
electric car,12,
fast forward,12,
fire hydrant,12,
flamethrower,12,
Frankenstein,12,
golden apple,12,
Harry Potter,12,
intersection,12,
Jesus Christ,12,
Johnny Bravo,12,
kindergarten,12,
Mickey Mouse,12,
Mr. Meeseeks,12,
neighborhood,12,
notification,12,
photographer,12,
pillow fight,12,
Pink Panther,12,
receptionist,12,
relationship,12,
skateboarder,12,
sledgehammer,12,
social media,12,
Solar System,12,
table tennis,12,
thunderstorm,12,
time machine,12,
Tower Bridge,12,
truck driver,12,
Velociraptor,12,
veterinarian,12,
Wonder Woman,12,
advertisement,13,
archaeologist,13,
demonstration,13,
Green Lantern,13,
Homer Simpson,13,
hot chocolate,13,
Jimmy Neutron,13,
Mount Everest,13,
Robbie Rotten,13,
shaving cream,13,
shopping cart,13,
snake charmer,13,
swimming pool,13,
tennis racket,13,
traffic light,13,
Angelina Jolie,14,
bungee jumping,14,
cherry blossom,14,
clothes hanger,14,
Cookie Monster,14,
fidget spinner,14,
Jack-o-lantern,14,
Morgan Freeman,14,
Mount Rushmore,14,
reading glasses,15,
sewing machine,14,
snowball fight,14,
Susan Wojcicki,14,
Abraham Lincoln,15,
air conditioner,15,
Captain America,15,
Charlie Chaplin,15,
Crash Bandicoot,15,
electric guitar,15,
fitness trainer,15,
Fred Flintstone,15,
Mark Zuckerberg,15,
Michael Jackson,15,
Nintendo Switch,15,
Northern Lights,15,
procrastination,15,
Sherlock Holmes,15,
virtual reality,15,
William Wallace,15,
Darwin Watterson,16,
fashion designer,16,
flight attendant,16,
pencil sharpener,16,
Leonardo DiCaprio,17,
William Shakespeare,19,
yo yo,5,
bobcat,6,
iguana,6,
jackal,6,
bow tie,7,
cyclone,7,
doormat,7,
fox den,7,
glacier,7,
gondola,7,
hot tub,7,
jam jar,7,
mat rug,7,
monsoon,7,
mudflat,7,
musk ox,7,
oil rig,7,
opossum,7,
pig pen,7,
piranha,7,
rag rug,7,
rowboat,7,
sun hat,7,
tie dye,7,
tin can,7,
tugboat,7,
warthog,7,
ant hill,8,
barn owl,8,
bath mat,8,
bee hive,8,
biathlon,8,
capybara,8,
cat tree,8,
cockatoo,8,
cow barn,8,
dog sled,8,
drum set,8,
dumpling,8,
dust pan,8,
ear ring,8,
eye exam,8,
fire ant,8,
fire pit,8,
flu shot,8,
forklift,8,
fur coat,8,
gargoyle,8,
gemstone,8,
gift box,8,
hand bag,8,
hat rack,8,
hay ride,8,
herb pot,8,
ice cube,8,
ice tray,8,
key ring,8,
kid pool,8,
knee pad,8,
lab coat,8,
ladybird,8,
log ride,8,
lynx paw,8,
mandrill,8,
mongoose,8,
monorail,8,
mudslide,8,
mug rack,8,
mug shot,8,
nail gun,8,
nap time,8,
necklace,8,
nerf gun,8,
nest egg,8,
oak tree,8,
overalls,8,
pheasant,8,
pool cue,8,
porpoise,8,
race car,8,
rat trap,8,
rickshaw,8,
row boat,8,
ruby gem,8,
sculptor,8,
sea cave,8,
shot put,8,
sled dog,8,
snowplow,8,
stew pot,8,
sun dial,8,
tag team,8,
tank top,8,
taxi cab,8,
toe nail,8,
toolbelt,8,
tow rope,8,
wet suit,8,
wig shop,8,
wishbone,8,
worm bin,8,
yoga mat,8,
zip line,8,
zoo cage,8,
zucchini,8,
angelfish,9,
artichoke,9,
asparagus,9,
bear cave,9,
bed frame,9,
beekeeper,9,
bike rack,9,
bird cage,9,
book fair,9,
bratwurst,9,
bumblebee,9,
cable car,9,
camp fire,9,
chain saw,9,
city hall,9,
city park,9,
coal mine,9,
cormorant,9,
crab claw,9,
crossword,9,
daredevil,9,
dartboard,9,
desk lamp,9,
dice game,9,
dice roll,9,
dirt bike,9,
dish rack,9,
dodo bird,9,
dog house,9,
dog leash,9,
door bell,9,
door knob,9,
drive way,9,
dromedary,9,
drum solo,9,
duck pond,9,
elbow pad,9,
enchilada,9,
end table,9,
exit sign,9,
eye patch,9,
farmhouse,9,
fish pond,9,
fish tank,9,
flag pole,9,
flashcard,9,
flat tire,9,
flowerpot,9,
fork lift,9,
geologist,9,
glass jar,9,
glove box,9,
gold coin,9,
gold mine,9,
goldfinch,9,
golf ball,9,
guard dog,9,
gym class,9,
hairdryer,9,
half pipe,9,
hand soap,9,
handcuffs,9,
hat trick,9,
head band,9,
heat wave,9,
high dive,9,
horseshoe,9,
hound dog,9,
house key,9,
houseboat,9,
hurricane,9,
hydrofoil,9,
ice sheet,9,
incubator,9,
iron gate,9,
jazz band,9,
juice box,9,
junk yard,9,
key chain,9,
kiwi bird,9,
lamp post,9,
lampshade,9,
land mine,9,
lava flow,9,
lava rock,9,
lifeguard,9,
locksmith,9,
log cabin,9,
log flume,9,
long jump,9,
lost city,9,
lunch box,9,
mail slot,9,
mistletoe,9,
money jar,9,
moth ball,9,
moth wing,9,
motorboat,9,
mule cart,9,
navy ship,9,
newt pond,9,
nightgown,9,
nine ball,9,
nut shell,9,
oven rack,9,
panda cub,9,
paperclip,9,
party hat,9,
peg board,9,
pet leash,9,
piano key,9,
ping pong,9,
plant pot,9,
plush toy,9,
polar cap,9,
pony ride,9,
pork chop,9,
propeller,9,
queen bee,9,
quiz show,9,
race flag,9,
raft trip,9,
rain coat,9,
red panda,9,
reef fish,9,
rest stop,9,
ring toss,9,
riverbank,9,
robot arm,9,
rock band,9,
sail boat,9,
salt mine,9,
sand dune,9,
sandpiper,9,
sauce pan,9,
sea otter,9,
sea shell,9,
shark fin,9,
shoe lace,9,
shoe rack,9,
shoreline,9,
ski lodge,9,
ski slope,9,
sky diver,9,
snow fort,9,
snow plow,9,
soap dish,9,
song bird,9,
soup bowl,9,
spice jar,9,
stopwatch,9,
stove top,9,
straw hat,9,
swan boat,9,
swim lane,9,
swing set,9,
table saw,9,
tap dance,9,
tea party,9,
tent pole,9,
test tube,9,
tide pool,9,
tire iron,9,
tire shop,9,
tool belt,9,
toy chest,9,
trail map,9,
trash bin,9,
triathlon,9,
truck bed,9,
turntable,9,
twig nest,9,
violinist,9,
wine cork,9,
wine rack,9,
wing span,9,
wolf howl,9,
woodchuck,9,
yard sale,9,
yarn ball,9,
zoologist,9,
alarm bell,10,
alien ship,10,
ankle sock,10,
astronomer,10,
backpacker,10,
bat colony,10,
bath towel,10,
beach ball,10,
beach sand,10,
beef jerky,10,
blimp ride,10,
bloodhound,10,
board game,10,
bocce ball,10,
bomb squad,10,
book stand,10,
bottle cap,10,
brass band,10,
bread loaf,10,
brick oven,10,
brick wall,10,
camel hump,10,
campground,10,
candy cane,10,
candy shop,10,
cannonball,10,
canoe trip,10,
cargo ship,10,
cartoonist,10,
cereal box,10,
chalk line,10,
class room,10,
coffee mug,10,
coin purse,10,
comet tail,10,
cork board,10,
crayon box,10,
cuttlefish,10,
desk chair,10,
dingo pack,10,
dishwasher,10,
doll house,10,
donut hole,10,
donut shop,10,
door hinge,10,
drug store,10,
dump truck,10,
dust bunny,10,
dust storm,10,
dvd player,10,
eagle nest,10,
fairground,10,
fence post,10,
fennec fox,10,
field goal,10,
field trip,10,
fire chief,10,
fire drill,10,
flip flops,10,
floor lamp,10,
floor tile,10,
flute note,10,
food truck,10,
fork spoon,10,
fruit bowl,10,
frying pan,10,
gate latch,10,
genie lamp,10,
ginger cat,10,
grain silo,10,
grape vine,10,
gymnastics,10,
hail storm,10,
hammerhead,10,
hamper lid,10,
hand cream,10,
hash brown,10,
helmet cam,10,
hill slope,10,
hive honey,10,
hobby shop,10,
honey bear,10,
hoof print,10,
horse race,10,
hula dance,10,
hummus dip,10,
ice hockey,10,
ice palace,10,
icebreaker,10,
interstate,10,
ivory tusk,10,
judo throw,10,
juggernaut,10,
kayak trip,10,
kennel dog,10,
king cobra,10,
kiwi fruit,10,
knot tying,10,
koala bear,10,
lake house,10,
lake shore,10,
lasso rope,10,
law office,10,
lawn chair,10,
lemur tail,10,
letter box,10,
life coach,10,
light bulb,10,
lion tamer,10,
litter bin,10,
llama farm,10,
llama wool,10,
locomotive,10,
lost puppy,10,
lunch tray,10,
magic show,10,
maple leaf,10,
marble bag,10,
milk shake,10,
money tree,10,
mop bucket,10,
motel sign,10,
mouse trap,10,
moving van,10,
mudskipper,10,
muffin pan,10,
muffin top,10,
mule trail,10,
mummy wrap,10,
muscle car,10,
nail salon,10,
oasis palm,10,
oil tanker,10,
onion ring,10,
orca whale,10,
otter pond,10,
paintbrush,10,
paraglider,10,
park bench,10,
peach tree,10,
perch fish,10,
percussion,10,
permafrost,10,
pickpocket,10,
pilgrimage,10,
pirate hat,10,
pizza oven,10,
pole vault,10,
pool table,10,
quail nest,10,
quarry pit,10,
quesadilla,10,
race track,10,
radar dish,10,
rail track,10,
rain boots,10,
rhino horn,10,
rice paddy,10,
ridge line,10,
ringmaster,10,
river bank,10,
river raft,10,
roadrunner,10,
rodeo bull,10,
salad bowl,10,
salamander,10,
sand storm,10,
sandcastle,10,
school bus,10,
scrap yard,10,
scuba dive,10,
scuba gear,10,
scuba tank,10,
semi truck,10,
sewer pipe,10,
shark tank,10,
sheep herd,10,
skate park,10,
skate ramp,10,
snail race,10,
snorkeling,10,
snow globe,10,
snow storm,10,
soap opera,10,
sound wave,10,
sour cream,10,
speed boat,10,
speed bump,10,
spice rack,10,
spider web,10,
sports car,10,
spy gadget,10,
stagecoach,10,
stalactite,10,
stalagmite,10,
state fair,10,
steel beam,10,
step stool,10,
stone arch,10,
stove knob,10,
sugar cube,10,
sunset sky,10,
surf board,10,
sushi roll,10,
suspenders,10,
swamp boat,10,
table lamp,10,
taco truck,10,
tarp cover,10,
taxi meter,10,
tent stake,10,
theme park,10,
thermostat,10,
thumb tack,10,
tidal wave,10,
tiger cage,10,
tile floor,10,
tire swing,10,
toll booth,10,
tour guide,10,
towel rack,10,
trampoline,10,
travel bag,10,
tray table,10,
tree house,10,
tree stump,10,
trial jury,10,
trombonist,10,
truck stop,10,
tulip bulb,10,
tumbleweed,10,
tundra fox,10,
tv antenna,10,
typewriter,10,
upholstery,10,
video call,10,
vine grape,10,
violin bow,10,
viper fang,10,
wall clock,10,
wash basin,10,
wash cloth,10,
watchtower,10,
water park,10,
water polo,10,
water tank,10,
watercolor,10,
waterslide,10,
wax candle,10,
wheelchair,10,
whip cream,10,
wind chime,10,
wizard hat,10,
wood stove,10,
worker bee,10,
wrench set,10,
wristwatch,10,
yacht club,10,
yacht sail,10,
yard stick,10,
zebra herd,10,
alarm clock,11,
art gallery,11,
bakery oven,11,
barber pole,11,
belt buckle,11,
block party,11,
boat anchor,11,
bobsled run,11,
bowling pin,11,
bread knife,11,
bubble bath,11,
bucket list,11,
bumper cars,11,
bungee jump,11,
button hole,11,
cabin fever,11,
camera lens,11,
candlestick,11,
canyon echo,11,
canyon hike,11,
cargo pants,11,
cargo plane,11,
carpet roll,11,
chalk board,11,
cheese cake,11,
cheese shop,11,
chess board,11,
chess piece,11,
circus tent,11,
clarinetist,11,
cliffhanger,11,
clock tower,11,
closet door,11,
cloud shape,11,
cobblestone,11,
comedy club,11,
comic strip,11,
cooking pot,11,
copper pipe,11,
coral snake,11,
cotton swab,11,
coyote howl,11,
cricket bat,11,
crime scene,11,
cruise ship,11,
curtain rod,11,
dance floor,11,
deviled egg,11,
diving pool,11,
dog groomer,11,
donkey cart,11,
dragon fire,11,
drama class,11,
drapery rod,11,
dress shirt,11,
dry cleaner,11,
eagle scout,11,
eagle talon,11,
elk antlers,11,
escape room,11,
exoskeleton,11,
falcon dive,11,
family tree,11,
faucet leak,11,
feather boa,11,
fingerprint,11,
fire engine,11,
fish market,11,
fishing net,11,
fjord coast,11,
flea circus,11,
flea market,11,
flower shop,11,
fog machine,11,
fruit salad,11,
garden hose,11,
garden shed,11,
gas station,11,
gate keeper,11,
ghost story,11,
glassblower,11,
golf course,11,
goose flock,11,
grand piano,11,
grape juice,11,
grass field,11,
gravel road,11,
guitar case,11,
gutter pipe,11,
gym workout,11,
hairdresser,11,
harp string,11,
heated pool,11,
heater vent,11,
herb garden,11,
hermit crab,11,
high school,11,
hiking pole,11,
hockey game,11,
hockey mask,11,
hockey puck,11,
hostel room,11,
hot balloon,11,
hover board,11,
hut village,11,
hydro power,11,
hyena laugh,11,
ice fishing,11,
ice skating,11,
icicle drip,11,
illusionist,11,
illustrator,11,
impala leap,11,
jelly donut,11,
jewelry box,11,
jungle vine,11,
junior high,11,
karate belt,11,
kitchenware,11,
kite string,11,
laundry day,11,
lemon slice,11,
life jacket,11,
lily flower,11,
liquid soap,11,
living room,11,
locker room,11,
love letter,11,
luggage tag,11,
lumber mill,11,
marina dock,11,
maze puzzle,11,
mesh screen,11,
milk bottle,11,
mirror ball,11,
mirror maze,11,
mixing bowl,11,
mobile home,11,
model train,11,
mole tunnel,11,
moon crater,11,
morning dew,11,
mosque dome,11,
museum tour,11,
napkin ring,11,
night light,11,
noodle bowl,11,
noodle shop,11,
nut cracker,11,
ocean liner,11,
office desk,11,
onion patch,11,
opera house,11,
ostrich egg,11,
outer space,11,
owl feather,11,
oxygen mask,11,
paddle boat,11,
paper plane,11,
paper stack,11,
paper towel,11,
parrot cage,11,
pasta maker,11,
pearl diver,11,
pepper mill,11,
philatelist,11,
phone booth,11,
photo album,11,
photo booth,11,
picket line,11,
pigeon coop,11,
pillow case,11,
pillow fort,11,
pine forest,11,
planetarium,11,
pomegranate,11,
pool noodle,11,
popcorn bag,11,
porch light,11,
porch swing,11,
post office,11,
potato sack,11,
power drill,11,
power plant,11,
prison bars,11,
prison cell,11,
pterodactyl,11,
pumpkin pie,11,
puppy leash,11,
python coil,11,
quilt cover,11,
rabbit hole,11,
racquetball,11,
radiologist,11,
rain forest,11,
rain puddle,11,
ranch house,11,
raven perch,11,
rescue boat,11,
rock garden,11,
rodeo clown,11,
roller rink,11,
rolling pin,11,
root cellar,11,
rope bridge,11,
rose garden,11,
rowing boat,11,
rowing crew,11,
rubber boot,11,
rubber duck,11,
rugby scrum,11,
saber tooth,11,
sailor knot,11,
salt shaker,11,
saxophonist,11,
school bell,11,
school desk,11,
school play,11,
science lab,11,
scissor cut,11,
screen door,11,
screwdriver,11,
scuba diver,11,
seagull cry,11,
secret door,11,
seed packet,11,
segway ride,11,
shelf brace,11,
shield wall,11,
shrimp boat,11,
silver mine,11,
skunk spray,11,
smoke alarm,11,
snail shell,11,
soap bubble,11,
soccer ball,11,
sock puppet,11,
solar flare,11,
solar panel,11,
speaker box,11,
spider bite,11,
spider legs,11,
sprint race,11,
steak knife,11,
stethoscope,11,
stool chair,11,
storage bin,11,
storm cloud,11,
storm drain,11,
street lamp,11,
street sign,11,
suit jacket,11,
summer camp,11,
swamp marsh,11,
sword fight,11,
table cloth,11,
tailor shop,11,
tandem bike,11,
tanning bed,11,
taxidermist,11,
temple gate,11,
tennis ball,11,
throne room,11,
tooth brush,11,
tote basket,11,
toucan beak,11,
toy factory,11,
traffic jam,11,
trash truck,11,
trench coat,11,
triceratops,11,
trolley car,11,
tuba player,11,
tulip field,11,
tumbler cup,11,
turtle dove,11,
upholsterer,11,
valley view,11,
vase flower,11,
veggie tray,11,
vintage car,11,
violin case,11,
volcano ash,11,
volcano top,11,
waffle cone,11,
wagon train,11,
wagon wheel,11,
wall poster,11,
wall socket,11,
walrus tusk,11,
watch tower,11,
water tower,11,
weathervane,11,
well bucket,11,
whale shark,11,
wheat field,11,
willow tree,11,
window pane,11,
window sill,11,
wine bottle,11,
wine cellar,11,
winter coat,11,
wire hanger,11,
witch broom,11,
wrist brace,11,
xylophonist,11,
zebra print,11,
zigzag path,11,
zipper pull,11,
zoo exhibit,11,
acrobat flip,12,
anchor chain,12,
apricot tree,12,
archeologist,12,
architecture,12,
attic ladder,12,
baboon troop,12,
baked potato,12,
balance beam,12,
balloon ride,12,
bamboo shoot,12,
banana split,12,
band concert,12,
banjo player,12,
beetle shell,12,
bengal tiger,12,
bicycle bell,12,
blanket fort,12,
bounce house,12,
boxing match,12,
bread basket,12,
broom closet,12,
buffalo herd,12,
burger stand,12,
bus terminal,12,
butcher shop,12,
butter churn,12,
butterscotch,12,
cabinet door,12,
camera flash,12,
canoe rental,12,
canyon cliff,12,
car mechanic,12,
castle tower,12,
cement mixer,12,
cement truck,12,
chicken coop,12,
chicken farm,12,
circus clown,12,
city skyline,12,
clam chowder,12,
cobra strike,12,
coconut milk,12,
coconut tree,12,
coffee table,12,
cold storage,12,
compass rose,12,
construction,12,
cotton field,12,
country road,12,
cowboy boots,12,
crab fishing,12,
credit union,12,
crystal ball,12,
dance studio,12,
desert camel,12,
desert oasis,12,
diamond mine,12,
diamond ring,12,
dinner plate,12,
dinner table,12,
dinosaur egg,12,
diving board,12,
dolphin jump,12,
dolphin show,12,
domino chain,12,
dragon fruit,12,
drone flight,12,
electric eel,12,
electric fan,12,
emerald ring,12,
evening star,12,
exhaust pipe,12,
falafel wrap,12,
farm tractor,12,
ferris wheel,12,
field hockey,12,
fire station,12,
fishing boat,12,
fishing lure,12,
fishing pier,12,
florist shop,12,
forest trail,12,
fountain pen,12,
french toast,12,
funeral home,12,
garden gnome,12,
gazelle herd,12,
gecko lizard,12,
gila monster,12,
giraffe neck,12,
glass window,12,
glider plane,12,
glockenspiel,12,
grand canyon,12,
grill master,12,
grizzly bear,12,
grocery cart,12,
grocery list,12,
hair stylist,12,
hang gliding,12,
hiking boots,12,
hiking trail,12,
hippopotamus,12,
hockey stick,12,
honey badger,12,
horse saddle,12,
horse stable,12,
hospital bed,12,
jaguar spots,12,
kaleidoscope,12,
kayak paddle,12,
kitchen sink,12,
laundry soap,12,
library book,12,
library card,12,
linen closet,12,
loading dock,12,
lobster trap,12,
loom weaving,12,
luggage cart,12,
macaw parrot,12,
machine shop,12,
magic carpet,12,
mail carrier,12,
market stall,12,
meadow field,12,
meatball sub,12,
midnight sky,12,
mirror frame,12,
mixing spoon,12,
mobile phone,12,
moon landing,12,
motor engine,12,
movie camera,12,
movie ticket,12,
music studio,12,
nature trail,12,
night market,12,
night vision,12,
nursing home,12,
oatmeal bowl,12,
office chair,12,
oil painting,12,
olive branch,12,
omelette pan,12,
opera singer,12,
orange grove,12,
orthodontist,12,
oyster shell,12,
paddle wheel,12,
paint bucket,12,
paint roller,12,
pajama party,12,
pancake flip,12,
pantry shelf,12,
papaya slice,12,
parade float,12,
parkour jump,12,
pediatrician,12,
pelican beak,12,
pepper spray,12,
picket fence,12,
picnic table,12,
picture hook,12,
planet earth,12,
pocket watch,12,
pontoon boat,12,
power outage,12,
radish patch,12,
roast turkey,12,
roller blade,12,
roller derby,12,
roof shingle,12,
rose bouquet,12,
royal throne,12,
rustic cabin,12,
sailing race,12,
sandbox play,12,
sausage link,12,
science fair,12,
seismologist,12,
selfie stick,12,
shirt button,12,
shopping bag,12,
sign painter,12,
singing bowl,12,
skunk stripe,12,
sleeping bag,12,
slipper sock,12,
sneaker shoe,12,
snow leopard,12,
soccer match,12,
spatula flip,12,
spelling bee,12,
spinning top,12,
spool thread,12,
sports arena,12,
spray bottle,12,
spring bloom,12,
stadium seat,12,
stage lights,12,
stapler clip,12,
steam engine,12,
steam roller,12,
stick figure,12,
stock market,12,
storage unit,12,
stove burner,12,
stretch limo,12,
stuffed bear,12,
stunt double,12,
summit climb,12,
sun umbrella,12,
surgeon mask,12,
sweater vest,12,
swim goggles,12,
syrup bottle,12,
talent agent,12,
tape measure,12,
tennis court,12,
thread spool,12,
thrift store,12,
throw pillow,12,
thunder clap,12,
ticket booth,12,
toboggan run,12,
toilet brush,12,
toilet paper,12,
tomato sauce,12,
tractor tire,12,
traffic cone,12,
train ticket,12,
trout stream,12,
tugboat dock,12,
tundra plain,12,
turnip patch,12,
turtle shell,12,
unicorn horn,12,
utility pole,12,
valley floor,12,
vampire cape,12,
vanilla bean,12,
vending cart,12,
video arcade,12,
video camera,12,
village well,12,
vinyl record,12,
volcanic ash,12,
voting booth,12,
waffle maker,12,
walking cane,12,
wallet chain,12,
walnut shell,12,
war memorial,12,
washer dryer,12,
washing line,12,
waste basket,12,
water bottle,12,
water heater,12,
watering can,12,
weather vane,12,
weaving loom,12,
wedding cake,12,
wedding ring,12,
wedding veil,12,
welcome sign,12,
whistle blow,12,
window blind,12,
window frame,12,
winter cabin,12,
winter frost,12,
winter scarf,12,
wishing well,12,
wood carving,12,
wooden crate,12,
wool sweater,12,
acupuncturist,13,
antelope herd,13,
antique clock,13,
apple orchard,13,
aquarium tank,13,
archery range,13,
artist studio,13,
auction gavel,13,
autumn leaves,13,
avocado toast,13,
badminton net,13,
basking shark,13,
birthday cake,13,
blueberry pie,13,
board meeting,13,
boarding pass,13,
bonfire night,13,
bonfire smoke,13,
border patrol,13,
bulldog puppy,13,
butterfly net,13,
cactus flower,13,
cactus garden,13,
camel caravan,13,
caramel apple,13,
cardboard box,13,
carnival game,13,
carousel ride,13,
cash register,13,
cat scratcher,13,
cave entrance,13,
cave explorer,13,
cave painting,13,
ceiling light,13,
chalk drawing,13,
checkout line,13,
chemistry set,13,
chimney smoke,13,
chimney sweep,13,
china cabinet,13,
chocolate bar,13,
choreographer,13,
cinnamon roll,13,
computer chip,13,
contortionist,13,
conveyor belt,13,
cookie cutter,13,
cooking class,13,
couch cushion,13,
criminologist,13,
cupboard door,13,
cupcake tower,13,
curling stone,13,
cushion cover,13,
cyclone fence,13,
dam reservoir,13,
dentist chair,13,
dermatologist,13,
desert cactus,13,
desert island,13,
desert mirage,13,
dessert table,13,
dinosaur bone,13,
diploma frame,13,
doctor office,13,
drainage pipe,13,
dream catcher,13,
elephant herd,13,
empty stadium,13,
erosion cliff,13,
exercise bike,13,
factory floor,13,
father figure,13,
fitness class,13,
flute recital,13,
flying carpet,13,
folding chair,13,
freight train,13,
frisbee catch,13,
garbage truck,13,
gasoline pump,13,
gemstone mine,13,
giant sequoia,13,
glacier crack,13,
glass ceiling,13,
goldfish bowl,13,
gps navigator,13,
graffiti wall,13,
grandpa clock,13,
grape harvest,13,
grease monkey,13,
greeting card,13,
groundhog day,13,
guitar string,13,
hamster wheel,13,
haunted house,13,
heart monitor,13,
herpetologist,13,
hieroglyphics,13,
hoedown dance,13,
horse jumping,13,
hospital gown,13,
howler monkey,13,
hunting rifle,13,
hurricane eye,13,
ichthyologist,13,
igloo builder,13,
incense stick,13,
internet cafe,13,
ironing board,13,
javelin throw,13,
jellybean jar,13,
job interview,13,
kangaroo joey,13,
karaoke night,13,
kitchen apron,13,
kite festival,13,
knight helmet,13,
komodo dragon,13,
komodo lizard,13,
leopard print,13,
leopard spots,13,
library shelf,13,
light fixture,13,
lightning rod,13,
lunar eclipse,13,
magazine rack,13,
makeup mirror,13,
mantis prayer,13,
marching band,13,
marching drum,13,
market vendor,13,
measuring cup,13,
messenger bag,13,
meteor crater,13,
meteor shower,13,
metro station,13,
military base,13,
mineral water,13,
mining helmet,13,
minnow school,13,
modeling clay,13,
monster movie,13,
monster truck,13,
moose antlers,13,
moped scooter,13,
mountain lion,13,
mudroom bench,13,
mummy costume,13,
mushroom soup,13,
napkin holder,13,
national park,13,
news reporter,13,
nurse station,13,
old fashioned,13,
origami crane,13,
paint palette,13,
pancake stack,13,
paper lantern,13,
parasol beach,13,
parking meter,13,
peach cobbler,13,
peanut butter,13,
piano recital,13,
picnic basket,13,
pirate parrot,13,
pistachio nut,13,
pitcher mound,13,
plant nursery,13,
platypus bill,13,
potion bottle,13,
printer paper,13,
protest march,13,
pumpkin spice,13,
puppet master,13,
quilt pattern,13,
radiator heat,13,
radio station,13,
rainbow color,13,
raspberry jam,13,
record player,13,
recycling bin,13,
robot factory,13,
rock climbing,13,
rocket launch,13,
rocking horse,13,
roller skates,13,
rollercoaster,13,
royal wedding,13,
ruler measure,13,
running shoes,13,
running track,13,
salmon fillet,13,
sandwich shop,13,
sausage grill,13,
savanna grass,13,
seaweed salad,13,
sheep pasture,13,
shopping mall,13,
shoulder pads,13,
slide whistle,13,
soda fountain,13,
solar eclipse,13,
space station,13,
spring shower,13,
squirrel cage,13,
stained glass,13,
street market,13,
street vendor,13,
stroller ride,13,
termite mound,13,
thatched roof,13,
theater stage,13,
thunder storm,13,
tomato garden,13,
tortilla chip,13,
train station,13,
travel agency,13,
tropical fish,13,
turbine blade,13,
tyrannosaurus,13,
vampire fangs,13,
vampire squid,13,
vending stall,13,
ventriloquist,13,
walkie talkie,13,
water balloon,13,
water buffalo,13,
water pitcher,13,
weightlifting,13,
wheat harvest,13,
windmill farm,13,
window washer,13,
winter jacket,13,
wombat burrow,13,
workout bench,13,
workshop tool,13,
wrecking ball,13,
wrestling mat,13,
zebra stripes,13,
arcade machine,14,
archery target,14,
astronaut suit,14,
athletic track,14,
backpack strap,14,
backstage pass,14,
bagpipe player,14,
balloon animal,14,
balloon vendor,14,
barbecue grill,14,
baseball glove,14,
basket weaving,14,
beach umbrella,14,
bicycle helmet,14,
billboard sign,14,
billiard table,14,
birdhouse roof,14,
birthday party,14,
blood donation,14,
bowling trophy,14,
bubble machine,14,
bucket brigade,14,
bulletin board,14,
bungalow porch,14,
cake decorator,14,
car dealership,14,
carousel horse,14,
carpet cleaner,14,
cartoon artist,14,
cathedral bell,14,
cheetah sprint,14,
chocolate chip,14,
cinnamon stick,14,
classroom desk,14,
cliffside path,14,
cocktail party,14,
coffee grinder,14,
coin collector,14,
computer mouse,14,
confetti burst,14,
crane operator,14,
croquet mallet,14,
crossing guard,14,
crosswalk sign,14,
cucumber slice,14,
dish detergent,14,
dockyard crane,14,
dominoes chain,14,
dresser drawer,14,
dresser mirror,14,
drill sergeant,14,
electric chair,14,
electric fence,14,
emergency room,14,
escalator ride,14,
eyebrow pencil,14,
factory worker,14,
family reunion,14,
farmers market,14,
feather duster,14,
ferry crossing,14,
figure skating,14,
filing cabinet,14,
fireworks show,14,
food processor,14,
fortune cookie,14,
fortune teller,14,
fountain spray,14,
french bulldog,14,
gaming console,14,
graduation cap,14,
grilled cheese,14,
hardware store,14,
helicopter pad,14,
highway patrol,14,
holiday parade,14,
honeydew melon,14,
honeymoon trip,14,
hopscotch game,14,
horseback ride,14,
humpback whale,14,
kangaroo pouch,14,
kettle whistle,14,
lacrosse stick,14,
laundry basket,14,
lawn sprinkler,14,
lemonade stand,14,
limestone cave,14,
lollipop stick,14,
lottery ticket,14,
mango smoothie,14,
martial artist,14,
mascot costume,14,
measuring tape,14,
medal ceremony,14,
medical clinic,14,
mermaid scales,14,
mermaid statue,14,
metal detector,14,
microwave oven,14,
mountain trail,14,
museum exhibit,14,
music festival,14,
native village,14,
nature reserve,14,
night watchman,14,
orchard ladder,14,
paint splatter,14,
painting easel,14,
paleontologist,14,
pancake batter,14,
paper airplane,14,
parachute jump,14,
parade balloon,14,
parking garage,14,
passport stamp,14,
peacock spider,14,
perfume bottle,14,
picnic blanket,14,
piggyback ride,14,
plastic bottle,14,
police station,14,
popcorn bucket,14,
popcorn kernel,14,
puppet theater,14,
pyramid scheme,14,
racecar driver,14,
rainbow bridge,14,
recliner chair,14,
remote control,14,
rock formation,14,
rooftop garden,14,
rowing machine,14,
salad dressing,14,
sandwich stack,14,
satellite dish,14,
school janitor,14,
security guard,14,
shooting comet,14,
shower curtain,14,
sidewalk chalk,14,
skeleton bones,14,
snowboard jump,14,
softball pitch,14,
spaghetti bowl,14,
stadium lights,14,
steering wheel,14,
strainer sieve,14,
submarine crew,14,
sumo wrestling,14,
sunroom window,14,
tangerine peel,14,
telephone wire,14,
tornado funnel,14,
treasure chest,14,
turkey feather,14,
ukulele string,14,
umbrella stand,14,
unicycle rider,14,
vacuum cleaner,14,
valentine card,14,
vegetable soup,14,
velvet curtain,14,
volleyball net,14,
vulture circle,14,
warehouse fire,14,
waterfall drop,14,
wildfire smoke,14,
wrapping paper,14,
wrestling belt,14,
yogurt parfait,14,
zebra crossing,14,
zucchini bread,14,
alligator swamp,15,
ambulance siren,15,
armadillo shell,15,
backyard garden,15,
basketball hoop,15,
bathroom mirror,15,
battery charger,15,
boomerang throw,15,
breakdance move,15,
brussels sprout,15,
cargo container,15,
catapult launch,15,
cinematographer,15,
classroom globe,15,
courtroom trial,15,
dashboard light,15,
fairy godmother,15,
family portrait,15,
flashlight beam,15,
football helmet,15,
geyser eruption,15,
gingerbread man,15,
graffiti artist,15,
graveyard shift,15,
gymnastics beam,15,
haunted mansion,15,
hedgehog spikes,15,
hidden treasure,15,
hiking backpack,15,
hydraulic press,15,
inflatable pool,15,
instrument case,15,
invisible cloak,15,
kitchen counter,15,
knitting needle,15,
lighthouse beam,15,
marathon runner,15,
masquerade ball,15,
medicine bottle,15,
medieval castle,15,
meteorite crash,15,
military parade,15,
monster costume,15,
morning routine,15,
mountain biking,15,
mushroom forest,15,
nutcracker doll,15,
ophthalmologist,15,
orchard harvest,15,
panda enclosure,15,
peacock feather,15,
penguin exhibit,15,
pinball machine,15,
pineapple slice,15,
popcorn machine,15,
pumpkin carving,15,
recycling truck,15,
referee whistle,15,
reindeer sleigh,15,
salamander tail,15,
sand volleyball,15,
shrimp cocktail,15,
skateboard ramp,15,
skylight window,15,
squirrel monkey,15,
stalactite cave,15,
stamp collector,15,
sunflower field,15,
sunglasses case,15,
tasmanian devil,15,
telephone booth,15,
theater curtain,15,
traffic officer,15,
train conductor,15,
training wheels,15,
trampoline flip,15,
trampoline park,15,
tunnel entrance,15,
underwater cave,15,
vacation resort,15,
vegetable stand,15,
vending machine,15,
wardrobe closet,15,
warehouse shelf,15,
washing machine,15,
waterproof coat,15,
wedding planner,15,
wilderness camp,15,
window shopping,15,
accordion player,16,
aircraft carrier,16,
ambulance driver,16,
anesthesiologist,16,
avalanche rescue,16,
badminton racket,16,
baseball diamond,16,
blacksmith forge,16,
botanical garden,16,
cable television,16,
children playing,16,
comic convention,16,
community garden,16,
earthquake drill,16,
earthworm tunnel,16,
electric scooter,16,
espresso machine,16,
flight simulator,16,
football stadium,16,
fraternity house,16,
garbage disposal,16,
hammerhead shark,16,
harvest festival,16,
helicopter blade,16,
koala eucalyptus,16,
landscape artist,16,
lantern festival,16,
magnifying glass,16,
marine biologist,16,
megaphone speech,16,
microphone stand,16,
mozzarella stick,16,
noise cancelling,16,
personal trainer,16,
playground slide,16,
projector screen,16,
recycling center,16,
scoreboard clock,16,
sculpture garden,16,
slingshot pebble,16,
stamp collection,16,
stepladder climb,16,
tightrope walker,16,
triceratops horn,16,
underground cave,16,
vegetable garden,16,
volcano eruption,16,
volleyball spike,16,
wildflower field,16,
chemistry teacher,17,
children hospital,17,
chocolate factory,17,
construction site,17,
envelope stuffing,17,
gingerbread house,17,
glove compartment,17,
gorilla enclosure,17,
grandfather clock,17,
greenhouse effect,17,
halloween costume,17,
hurricane shelter,17,
insect collection,17,
interior designer,17,
lighthouse island,17,
lighthouse keeper,17,
mannequin display,17,
marshmallow toast,17,
rainforest canopy,17,
sanitation worker,17,
stethoscope check,17,
university campus,17,
wheelbarrow wheel,17,
amphibious vehicle,18,
apartment building,18,
chocolate fountain,18,
crystal chandelier,18,
hologram projector,18,
university library,18,
dollhouse furniture,19,
government building,19,
stringed instrument,19,
submarine periscope,19,
private investigator,20,
strawberry shortcake,20,
